Number of variables,Number of clauses,result 1/2,time 1/2,result LSU interrupted
5,100,94,0.006419658660888672,96
5,100,93,0.006720066070556641,93
5,100,91,0.005746126174926758,92
5,100,94,0.005823850631713867,94
5,100,95,0.0058329105377197266,95
5,200,178,0.011326074600219727,184
5,200,183,0.011013031005859375,183
5,200,184,0.011257410049438477,185
5,200,181,0.01128530502319336,183
5,200,185,0.01168513298034668,185
5,300,279,0.016889572143554688,279
5,300,269,0.016855478286743164,275
5,300,277,0.016756057739257812,277
5,300,274,0.01662421226501465,274
5,300,272,0.01881718635559082,272
5,400,362,0.023409128189086914,362
5,400,363,0.02203226089477539,363
5,400,363,0.023488759994506836,363
5,400,359,0.023085832595825195,360
5,400,366,0.022284269332885742,366
5,500,449,0.02793097496032715,449
5,500,449,0.027836322784423828,449
5,500,450,0.029969453811645508,451
5,500,449,0.03281831741333008,449
5,500,451,0.028494834899902344,451
5,600,543,0.034760236740112305,546
5,600,541,0.03349637985229492,543
5,600,540,0.033593177795410156,540
5,600,548,0.06303071975708008,548
5,600,535,0.04776930809020996,535
5,700,628,0.04038190841674805,630
5,700,627,0.04111170768737793,627
5,700,622,0.07711219787597656,626
5,700,623,0.07799935340881348,631
5,700,627,0.0812368392944336,631
5,800,717,0.08591270446777344,717
5,800,709,0.07454276084899902,713
5,800,723,0.06464171409606934,723
5,800,713,0.058832645416259766,713
5,800,714,0.04846787452697754,718
5,900,808,0.08898115158081055,808
5,900,815,0.04867744445800781,815
5,900,803,0.04860377311706543,803
5,900,805,0.05057239532470703,815
5,900,797,0.048770904541015625,811
7,100,94,0.00848078727722168,96
7,100,93,0.007742881774902344,94
7,100,96,0.007805347442626953,96
7,100,95,0.007842302322387695,95
7,100,90,0.00797891616821289,94
7,200,185,0.01574850082397461,187
7,200,183,0.015441179275512695,186
7,200,182,0.015343189239501953,184
7,200,185,0.0155029296875,185
7,200,182,0.015233278274536133,184
7,300,268,0.02300739288330078,273
7,300,269,0.023759841918945312,273
7,300,275,0.024918556213378906,275
7,300,274,0.024495601654052734,275
7,300,275,0.023418188095092773,278
7,400,362,0.030257225036621094,366
7,400,363,0.03273820877075195,365
7,400,366,0.030263900756835938,366
7,400,362,0.030385971069335938,363
7,400,364,0.029781341552734375,370
7,500,448,0.039252281188964844,451
7,500,457,0.03787541389465332,457
7,500,449,0.03781318664550781,453
7,500,453,0.03860116004943848,453
7,500,449,0.03760552406311035,452
7,600,554,0.04509615898132324,554
7,600,536,0.04503750801086426,542
7,600,539,0.0459895133972168,544
7,600,541,0.04621315002441406,545
7,600,537,0.045738935470581055,542
7,700,633,0.0526430606842041,633
7,700,631,0.053968191146850586,634
7,700,626,0.053411245346069336,634
7,700,623,0.053073883056640625,632
7,700,632,0.05185246467590332,635
7,800,721,0.0616302490234375,721
7,800,710,0.06899404525756836,719
7,800,713,0.05979418754577637,722
7,800,717,0.06013345718383789,726
7,800,723,0.10041189193725586,723
7,900,813,0.08008122444152832,813
7,900,802,0.07080793380737305,806
7,900,819,0.06834936141967773,819
7,900,800,0.06944155693054199,807
7,900,807,0.06955242156982422,811
9,100,95,0.010072708129882812,96
9,100,94,0.010302305221557617,96
9,100,95,0.010407447814941406,95
9,100,94,0.009689807891845703,95
9,100,94,0.009689807891845703,95
9,200,185,0.019153356552124023,185
9,200,183,0.019079923629760742,186
9,200,182,0.020734071731567383,186
9,200,190,0.01938605308532715,190
9,200,185,0.02082681655883789,188
9,300,272,0.029993057250976562,276
9,300,273,0.02895379066467285,279
9,300,274,0.02919793128967285,276
9,300,274,0.03169894218444824,279
9,300,274,0.029807567596435547,276
9,400,368,0.03899836540222168,370
9,400,358,0.03891873359680176,366
9,400,366,0.03962969779968262,368
9,400,364,0.03844571113586426,364
9,400,361,0.03892207145690918,366
9,500,454,0.049623727798461914,455
9,500,454,0.04881477355957031,457
9,500,457,0.049442291259765625,457
9,500,449,0.048120737075805664,460
9,500,452,0.05909371376037598,454
9,600,545,0.05798673629760742,549
9,600,541,0.06095266342163086,544
9,600,544,0.057367563247680664,544
9,600,535,0.05908203125,547
9,600,541,0.05747532844543457,543
9,700,628,0.06731653213500977,635
9,700,634,0.06899833679199219,639
9,700,624,0.06885981559753418,638
9,700,640,0.06828069686889648,640
9,700,623,0.0679769515991211,629
9,800,722,0.07908034324645996,722
9,800,712,0.07740592956542969,719
9,800,726,0.07680368423461914,726
9,800,724,0.07649040222167969,726
9,800,718,0.07757854461669922,721
9,900,808,0.08709430694580078,815
9,900,813,0.08646535873413086,814
9,900,808,0.08852744102478027,818
9,900,809,0.08584475517272949,812
9,900,810,0.08889317512512207,810
11,100,93,0.012180805206298828,97
11,100,96,0.012300729751586914,97
11,100,95,0.011811256408691406,98
11,100,97,0.011964797973632812,97
11,100,92,0.012150049209594727,96
11,200,188,0.024052858352661133,190
11,200,186,0.023646116256713867,188
11,200,188,0.02389383316040039,193
11,200,187,0.02587294578552246,191
11,200,186,0.025926589965820312,187
11,300,275,0.03592967987060547,280
11,300,279,0.03585672378540039,281
11,300,275,0.034853458404541016,279
11,300,274,0.03527498245239258,279
11,300,279,0.03577423095703125,280
11,400,367,0.05135512351989746,367
11,400,364,0.047739505767822266,367
11,400,370,0.04642772674560547,370
11,400,372,0.04794120788574219,374
11,400,363,0.09400200843811035,367
11,500,455,0.0638723373413086,460
11,500,457,0.06088995933532715,457
11,500,459,0.058690786361694336,459
11,500,451,0.06003236770629883,463
11,500,456,0.05848979949951172,460
11,600,539,0.06932234764099121,551
11,600,551,0.06950902938842773,552
11,600,551,0.07278251647949219,553
11,600,548,0.06947088241577148,549
11,600,546,0.07277631759643555,550
11,700,631,0.08187198638916016,635
11,700,629,0.0832979679107666,632
11,700,631,0.08096194267272949,641
11,700,635,0.08127999305725098,636
11,700,632,0.0821523666381836,637
11,800,720,0.09259510040283203,726
11,800,718,0.09262895584106445,733
11,800,719,0.09603404998779297,725
11,800,727,0.09592604637145996,727
11,800,720,0.09337019920349121,727
11,900,819,0.10465741157531738,819
11,900,810,0.10854005813598633,811
11,900,815,0.10632443428039551,818
11,900,818,0.10658526420593262,818
11,900,819,0.10658931732177734,826
13,100,94,0.014465093612670898,99
13,100,96,0.014088153839111328,97
13,100,95,0.014030218124389648,97
13,100,95,0.014259099960327148,98
13,100,95,0.014077901840209961,99
13,200,187,0.029587745666503906,189
13,200,185,0.027790546417236328,191
13,200,190,0.03133559226989746,190
13,200,190,0.031662940979003906,190
13,200,183,0.02818441390991211,186
13,300,280,0.04108595848083496,287
13,300,277,0.044152021408081055,280
13,300,278,0.043665409088134766,282
13,300,280,0.04165530204772949,282
13,300,282,0.04249072074890137,284
13,400,367,0.05961108207702637,370
13,400,363,0.05743050575256348,375
13,400,366,0.06645774841308594,370
13,400,367,0.05452728271484375,371
13,400,371,0.05873298645019531,373
13,500,455,0.06900715827941895,463
13,500,450,0.06863236427307129,462
13,500,459,0.06943440437316895,464
13,500,461,0.07138347625732422,468
13,500,457,0.07123899459838867,462
13,600,545,0.08170342445373535,550
13,600,549,0.08289361000061035,550
13,600,543,0.08164191246032715,552
13,600,543,0.0835428237915039,559
13,600,548,0.08447742462158203,552
13,700,645,0.09612011909484863,645
13,700,631,0.09587287902832031,639
13,700,626,0.09945940971374512,643
13,700,641,0.09693455696105957,642
13,700,633,0.09751367568969727,638
13,800,729,0.10846519470214844,729
13,800,723,0.10808777809143066,728
13,800,715,0.10938620567321777,724
13,800,725,0.11091041564941406,728
13,800,731,0.11213946342468262,734
13,900,807,0.1219167709350586,820
13,900,812,0.12343740463256836,824
13,900,811,0.12151312828063965,815
13,900,812,0.1238851547241211,821
13,900,809,0.12330245971679688,813
15,100,96,0.016349077224731445,98
15,100,94,0.016799449920654297,98
15,100,94,0.017642736434936523,97
15,100,97,0.015856504440307617,97
15,100,95,0.016476154327392578,98
15,200,187,0.03214097023010254,190
15,200,191,0.0334162712097168,192
15,200,183,0.0344233512878418,190
15,200,189,0.03125262260437012,191
15,200,185,0.031217336654663086,191
15,300,277,0.05147147178649902,282
15,300,278,0.04976081848144531,282
15,300,278,0.04694676399230957,283
15,300,280,0.04770493507385254,284
15,300,280,0.04732227325439453,279
15,400,368,0.06298279762268066,370
15,400,365,0.0625770092010498,371
15,400,368,0.09154868125915527,376
15,400,370,0.06338095664978027,375
15,400,366,0.06383538246154785,374
15,500,461,0.0787816047668457,466
15,500,457,0.0799100399017334,463
15,500,461,0.08003592491149902,458
15,500,453,0.08217716217041016,463
15,500,455,0.08515310287475586,466
15,600,551,0.09375119209289551,557
15,600,546,0.09413719177246094,554
15,600,543,0.09479594230651855,549
15,600,542,0.09451937675476074,551
15,600,550,0.09555768966674805,553
15,700,639,0.11183762550354004,641
15,700,637,0.11698770523071289,644
15,700,637,0.1120450496673584,640
15,700,635,0.11072993278503418,645
15,700,631,0.10998821258544922,642
15,800,726,0.12720084190368652,729
15,800,725,0.12826037406921387,735
15,800,723,0.1260361671447754,732
15,800,729,0.1272716522216797,729
15,800,736,0.1294395923614502,728
15,900,807,0.14142227172851562,816
15,900,811,0.14366602897644043,824
15,900,818,0.14140057563781738,821
15,900,815,0.14142298698425293,827
15,900,813,0.14348363876342773,816
17,100,97,0.01860642433166504,98
17,100,99,0.018311500549316406,99
17,100,96,0.018307209014892578,99
17,100,95,0.018514394760131836,99
17,100,98,0.01837301254272461,98
17,200,191,0.03680777549743652,192
17,200,191,0.03811287879943848,192
17,200,186,0.03693842887878418,190
17,200,192,0.08604907989501953,193
17,200,188,0.03779959678649902,193
17,300,277,0.05451226234436035,285
17,300,276,0.05378389358520508,287
17,300,284,0.05434536933898926,284
17,300,277,0.053414344787597656,281
17,300,283,0.05491161346435547,285
17,400,372,0.07430887222290039,373
17,400,366,0.07290935516357422,373
17,400,370,0.07285666465759277,374
17,400,371,0.07624220848083496,376
17,400,367,0.07311534881591797,375
17,500,465,0.0906381607055664,472
17,500,454,0.08985614776611328,463
17,500,454,0.09209966659545898,462
17,500,464,0.09152388572692871,467
17,500,459,0.09129762649536133,461
17,600,547,0.10934758186340332,554
17,600,546,0.1089930534362793,554
17,600,546,0.10963106155395508,553
17,600,543,0.10915303230285645,545
17,600,553,0.10926198959350586,561
17,700,646,0.1277449131011963,653
17,700,631,0.12786126136779785,639
17,700,634,0.12722539901733398,635
17,700,633,0.13042211532592773,643
17,700,631,0.13022303581237793,645
17,800,733,0.14446449279785156,735
17,800,726,0.1488635540008545,737
17,800,733,0.1455988883972168,730
17,800,724,0.14496922492980957,734
17,800,735,0.14368653297424316,728
17,900,822,0.16367197036743164,813
17,900,828,0.16176199913024902,814
17,900,816,0.16374850273132324,823
17,900,812,0.16237759590148926,823
17,900,815,0.16191577911376953,822
19,100,99,0.020731687545776367,100
19,100,96,0.020126819610595703,99
19,100,96,0.020184040069580078,99
19,100,96,0.02008056640625,98
19,100,98,0.02071666717529297,100
19,200,187,0.040384769439697266,189
19,200,187,0.039505720138549805,190
19,200,190,0.042243242263793945,191
19,200,192,0.04129147529602051,192
19,200,186,0.04017066955566406,192
19,300,277,0.06284165382385254,281
19,300,288,0.06192922592163086,288
19,300,277,0.06419181823730469,282
19,300,276,0.06530475616455078,285
19,300,280,0.06108212471008301,284
19,400,370,0.08098721504211426,376
19,400,372,0.08130431175231934,376
19,400,374,0.0795602798461914,364
19,400,368,0.08219099044799805,370
19,400,371,0.0807340145111084,371
19,500,454,0.10050487518310547,465
19,500,458,0.10122299194335938,462
19,500,461,0.10055994987487793,458
19,500,464,0.09983158111572266,466
19,500,459,0.10003781318664551,465
19,600,556,0.12285900115966797,557
19,600,551,0.11957693099975586,554
19,600,550,0.11996006965637207,549
19,600,550,0.12018728256225586,553
19,600,549,0.11818146705627441,559
19,700,639,0.1405167579650879,638
19,700,644,0.1393449306488037,647
19,700,652,0.13972234725952148,656
19,700,634,0.14107656478881836,638
19,700,654,0.14146876335144043,656
19,800,730,0.1588590145111084,734
19,800,734,0.16411280632019043,730
19,800,728,0.16826200485229492,731
19,800,723,0.15975546836853027,734
19,800,736,0.16060495376586914,741
19,900,812,0.1879105567932129,820
19,900,827,0.18378567695617676,830
19,900,817,0.1817643642425537,826
19,900,818,0.18330740928649902,812
19,900,819,0.18064332008361816,824
21,100,97,0.02276158332824707,100
21,100,96,0.022269248962402344,98
21,100,99,0.0238039493560791,100
21,100,98,0.022876262664794922,100
21,100,98,0.02236795425415039,100
21,200,189,0.0444488525390625,192
21,200,187,0.04407835006713867,192
21,200,184,0.04452037811279297,192
21,200,188,0.044527530670166016,193
21,200,189,0.047066688537597656,194
21,300,278,0.06772851943969727,288
21,300,281,0.06868982315063477,288
21,300,281,0.07172369956970215,284
21,300,283,0.06923794746398926,285
21,300,285,0.06722235679626465,285
21,400,379,0.09063959121704102,379
21,400,370,0.09266281127929688,377
21,400,374,0.09286212921142578,374
21,400,370,0.09578919410705566,364
21,400,369,0.08799624443054199,370
21,500,464,0.1116030216217041,471
21,500,463,0.11057329177856445,464
21,500,458,0.11095666885375977,460
21,500,463,0.11318826675415039,462
21,500,464,0.11188197135925293,464
21,600,545,0.13467836380004883,553
21,600,551,0.13364291191101074,549
21,600,562,0.1325535774230957,564
21,600,542,0.13443779945373535,550
21,600,547,0.13229656219482422,550
21,700,643,0.16053533554077148,642
21,700,642,0.15511536598205566,645
21,700,642,0.2696571350097656,649
21,700,642,0.18841052055358887,647
21,700,650,0.16803336143493652,652
21,800,729,0.20198583602905273,737
21,800,726,0.19917798042297363,736
21,800,739,0.24612927436828613,734
21,800,740,0.1920788288116455,732
21,800,721,0.17906880378723145,720
21,900,833,0.2035808563232422,833
21,900,819,0.21599602699279785,814
21,900,832,0.2014448642730713,832
21,900,831,0.3062903881072998,831
21,900,818,0.22807741165161133,825
23,100,97,0.19211626052856445,100
23,100,98,0.03383898735046387,100
23,100,98,0.029662609100341797,100
23,100,98,0.025185108184814453,100
23,100,96,0.028146743774414062,100
23,200,193,0.05899357795715332,195
23,200,190,0.05913662910461426,193
23,200,189,0.06083965301513672,194
23,200,189,0.055554866790771484,193
23,200,188,0.051938772201538086,194
23,300,283,0.4565544128417969,284
23,300,283,0.0731964111328125,280
23,300,280,0.07617592811584473,290
23,300,276,0.07279181480407715,285
23,300,283,0.08081936836242676,283
23,400,374,0.11783480644226074,379
23,400,373,0.10371780395507812,373
23,400,377,0.09835171699523926,378
23,400,375,0.10402464866638184,374
23,400,375,0.09786248207092285,381
23,500,462,0.12084007263183594,464
23,500,464,0.12352418899536133,462
23,500,462,0.12064146995544434,462
23,500,463,0.12095904350280762,460
23,500,467,0.11890363693237305,469
23,600,549,0.14466214179992676,557
23,600,559,0.1433272361755371,558
23,600,547,0.1467118263244629,547
23,600,560,0.1428847312927246,558
23,600,557,0.14647912979125977,555
23,700,635,0.16899490356445312,648
23,700,645,0.16927886009216309,639
23,700,645,0.16719388961791992,640
23,700,642,0.16748476028442383,646
23,700,643,0.18680548667907715,643
23,800,731,0.23209786415100098,743
23,800,738,0.4537980556488037,733
23,800,740,0.4383854866027832,741
23,800,732,0.2562093734741211,738
23,800,732,0.4012901782989502,742
23,900,827,0.40406203269958496,825
23,900,818,0.2117595672607422,826
23,900,828,0.22252702713012695,827
23,900,821,0.21422076225280762,827
23,900,818,0.21641993522644043,827
25,100,99,0.02715015411376953,100
25,100,95,0.026645421981811523,100
25,100,97,0.027477502822875977,100
25,100,99,0.026371002197265625,100
25,100,96,0.026897907257080078,100
25,200,190,0.05547332763671875,195
25,200,191,0.05573415756225586,195
25,200,195,0.05220389366149902,198
25,200,188,0.05243253707885742,195
25,200,189,0.053173065185546875,196
25,300,281,0.07742547988891602,284
25,300,284,0.07747673988342285,283
25,300,279,0.07751917839050293,288
25,300,285,0.07794833183288574,285
25,300,284,0.07785582542419434,286
25,400,374,0.10546183586120605,374
25,400,373,0.10506033897399902,374
25,400,377,0.10410904884338379,381
25,400,374,0.10568451881408691,380
25,400,383,0.1043238639831543,384
25,500,460,0.135847806930542,464
25,500,458,0.13077402114868164,452
25,500,466,0.13001203536987305,470
25,500,464,0.1293489933013916,465
25,500,464,0.1323997974395752,459
25,600,557,0.15610671043395996,558
25,600,559,0.15415620803833008,562
25,600,561,0.1604783535003662,563
25,600,555,0.15596270561218262,556
25,600,551,0.15676307678222656,554
25,700,648,0.18215370178222656,642
25,700,648,0.1916356086730957,640
25,700,650,0.1887810230255127,652
25,700,649,0.1861402988433838,651
25,700,646,0.19769024848937988,652
25,800,742,0.23985767364501953,727
25,800,734,0.41411542892456055,730
25,800,732,0.42854833602905273,731
25,800,732,0.21566104888916016,738
25,800,741,0.23444509506225586,731
25,900,831,0.2482595443725586,824
25,900,822,0.261411190032959,825
25,900,827,0.25998902320861816,825
25,900,821,0.2701385021209717,828
25,900,825,0.3471832275390625,822
27,100,98,0.04963207244873047,100
27,100,98,0.03427243232727051,100
27,100,97,0.030033111572265625,100
27,100,98,0.03106069564819336,100
27,100,98,0.04413557052612305,100
27,200,190,0.12182903289794922,197
27,200,194,0.08071756362915039,198
27,200,187,0.06499290466308594,195
27,200,194,0.06284832954406738,196
27,200,191,0.06289315223693848,194
27,300,287,0.0921030044555664,287
27,300,278,0.09336161613464355,285
27,300,284,0.11051607131958008,287
27,300,279,0.1444857120513916,286
27,300,279,0.16734790802001953,282
27,400,376,0.18701791763305664,379
27,400,380,0.1922321319580078,375
27,400,374,0.19461846351623535,378
27,400,375,0.14300179481506348,378
27,400,370,0.12340545654296875,380
27,500,470,0.15100574493408203,469
27,500,460,0.17664408683776855,465
27,500,465,0.15642857551574707,470
27,500,466,0.15647578239440918,472
27,500,468,0.15553760528564453,468
27,600,563,0.3190195560455322,550
27,600,557,0.2008988857269287,562
27,600,557,0.3242161273956299,559
27,600,552,0.18528985977172852,553
27,600,559,0.18429923057556152,558
27,700,646,0.21154522895812988,647
27,700,646,0.2796900272369385,642
27,700,648,0.21697735786437988,648
27,700,643,0.2123887538909912,654
27,700,646,0.21805429458618164,646
27,800,732,0.42582130432128906,738
27,800,734,0.4154202938079834,737
27,800,736,0.35248613357543945,736
27,800,741,0.2259690761566162,723
27,800,735,0.22695660591125488,738
27,900,830,0.25957369804382324,824
27,900,818,0.2600853443145752,823
27,900,817,0.27476024627685547,798
27,900,819,0.2806551456451416,822
27,900,825,0.3201909065246582,826
29,100,97,0.030969619750976562,100
29,100,98,0.03147172927856445,100
29,100,98,0.03021526336669922,100
29,100,97,0.03076004981994629,100
29,100,96,0.03137969970703125,100
29,200,193,0.06503009796142578,195
29,200,195,0.06105303764343262,198
29,200,190,0.06026887893676758,195
29,200,190,0.06331658363342285,197
29,200,187,0.05995512008666992,195
29,300,282,0.09131979942321777,286
29,300,284,0.09156918525695801,288
29,300,283,0.09128975868225098,290
29,300,286,0.09078788757324219,289
29,300,286,0.08997702598571777,289
29,400,374,0.12275934219360352,381
29,400,384,0.12390875816345215,385
29,400,377,0.1240239143371582,374
29,400,378,0.11846637725830078,379
29,400,378,0.12269854545593262,379
29,500,466,0.15037202835083008,472
29,500,469,0.15089702606201172,449
29,500,468,0.15452098846435547,471
29,500,466,0.1981351375579834,467
29,500,460,0.18310999870300293,472
29,600,562,0.1937108039855957,553
29,600,561,0.1862475872039795,562
29,600,558,0.19220995903015137,548
29,600,554,0.18229126930236816,557
29,600,561,0.18162226676940918,560
29,700,652,0.37012386322021484,637
29,700,649,0.21437430381774902,641
29,700,645,0.2215862274169922,651
29,700,643,0.32521772384643555,641
29,700,647,0.32969188690185547,638
29,800,732,0.31880760192871094,725
29,800,733,0.24704957008361816,738
29,800,743,0.27817344665527344,731
29,800,737,0.41710615158081055,727
29,800,739,0.3002805709838867,728
29,900,826,0.3155248165130615,836
29,900,832,0.3692896366119385,827
29,900,829,0.334275484085083,828
29,900,835,0.2971057891845703,844
29,900,825,0.43749117851257324,811
31,100,99,0.037459373474121094,100
31,100,98,0.03758740425109863,100
31,100,100,0.04001808166503906,100
31,100,100,0.03359103202819824,100
31,100,98,0.03360629081726074,100
31,200,195,0.08289146423339844,196
31,200,194,0.06496167182922363,195
31,200,194,0.07261157035827637,198
31,200,191,0.06895828247070312,197
31,200,191,0.09247159957885742,197
31,300,285,0.1376791000366211,292
31,300,284,0.09746193885803223,286
31,300,284,0.09846186637878418,290
31,300,282,0.10312771797180176,288
31,300,282,0.1004934310913086,289
31,400,374,0.1312570571899414,374
31,400,375,0.18987655639648438,374
31,400,379,0.1513957977294922,379
31,400,376,0.12969183921813965,383
31,400,371,0.13444042205810547,374
31,500,466,0.16426849365234375,471
31,500,461,0.16326141357421875,468
31,500,460,0.16109490394592285,465
31,500,464,0.16634273529052734,461
31,500,466,0.16400957107543945,465
31,600,557,0.19473505020141602,557
31,600,559,0.1977381706237793,555
31,600,561,0.2010173797607422,546
31,600,555,0.19761133193969727,556
31,600,561,0.19586467742919922,563
31,700,657,0.25322890281677246,635
31,700,648,0.27674221992492676,643
31,700,643,0.25387120246887207,638
31,700,640,0.30866026878356934,641
31,700,648,0.24271249771118164,647
31,800,744,0.2694528102874756,734
31,800,743,0.27174997329711914,739
31,800,732,0.2602572441101074,731
31,800,743,0.2920267581939697,734
31,800,738,0.2717857360839844,728
31,900,830,0.36493873596191406,791
31,900,843,0.3125650882720947,836
31,900,826,0.36341404914855957,825
31,900,834,0.3062927722930908,820
31,900,822,0.35077404975891113,821
33,100,100,0.04053211212158203,100
33,100,100,0.04565572738647461,100
33,100,98,0.04218435287475586,100
33,100,100,0.040770530700683594,100
33,100,97,0.037030696868896484,100
33,200,194,0.0754086971282959,198
33,200,192,0.07361459732055664,197
33,200,189,0.07322812080383301,196
33,200,194,0.07553482055664062,199
33,200,194,0.10398316383361816,198
33,300,289,0.18778491020202637,290
33,300,285,0.13479399681091309,286
33,300,283,0.13184571266174316,289
33,300,286,0.12142014503479004,290
33,300,284,0.11549520492553711,288
33,400,372,0.15825724601745605,377
33,400,373,0.16326403617858887,374
33,400,375,0.15488386154174805,376
33,400,371,0.14070701599121094,379
33,400,383,0.14183807373046875,384
33,500,468,0.17909979820251465,465
33,500,463,0.19664716720581055,463
33,500,466,0.17645573616027832,470
33,500,470,0.17821097373962402,461
33,500,465,0.17809653282165527,461
33,600,557,0.2347579002380371,559
33,600,561,0.2334606647491455,560
33,600,566,0.21607208251953125,568
33,600,558,0.23147249221801758,552
33,600,562,0.24069547653198242,560
33,700,643,0.28876471519470215,642
33,700,652,0.6224908828735352,648
33,700,646,0.26616835594177246,647
33,700,655,0.2485194206237793,652
33,700,641,0.2583885192871094,650
33,800,739,0.27683234214782715,722
33,800,738,0.30863070487976074,740
33,800,736,0.2784578800201416,735
33,800,734,0.2954707145690918,732
33,800,738,0.3147594928741455,731
33,900,823,0.3738088607788086,822
33,900,834,0.3349614143371582,835
33,900,826,0.34799909591674805,823
33,900,829,0.3315107822418213,819
33,900,829,0.3629887104034424,817
35,100,98,0.03856706619262695,100
35,100,97,0.03859281539916992,100
35,100,100,0.037932634353637695,100
35,100,99,0.03843116760253906,100
35,100,100,0.04000568389892578,100
35,200,194,0.08485698699951172,198
35,200,193,0.08958935737609863,197
35,200,195,0.08074426651000977,198
35,200,190,0.07854437828063965,198
35,200,192,0.0833432674407959,196
35,300,283,0.12344789505004883,292
35,300,285,0.1233832836151123,290
35,300,281,0.1582045555114746,287
35,300,290,0.13388633728027344,293
35,300,286,0.1155550479888916,292
35,400,376,0.1682882308959961,380
35,400,378,0.15355610847473145,383
35,400,374,0.17229962348937988,375
35,400,378,0.15590476989746094,383
35,400,375,0.19556498527526855,380
35,500,471,0.19714117050170898,467
35,500,466,0.2469329833984375,464
35,500,465,0.19995331764221191,466
35,500,466,0.19948410987854004,457
35,500,470,0.19759392738342285,461
35,600,561,0.2366187572479248,560
35,600,561,0.23029041290283203,558
35,600,554,0.30263257026672363,548
35,600,562,0.2429351806640625,563
35,600,562,0.23086190223693848,554
35,700,651,0.30974340438842773,645
35,700,642,0.3161332607269287,649
35,700,640,0.28054141998291016,629
35,700,658,0.27527332305908203,645
35,700,659,0.2847306728363037,653
35,800,729,0.31232762336730957,718
35,800,738,0.316699743270874,732
35,800,746,0.3219418525695801,734
35,800,743,0.3467404842376709,741
35,800,734,0.661998987197876,745
35,900,832,0.4031045436859131,817
35,900,825,0.3693530559539795,820
35,900,833,0.4491109848022461,813
35,900,834,0.37900209426879883,824
35,900,828,0.38164544105529785,822
37,100,100,0.04658770561218262,100
37,100,98,0.04926133155822754,100
37,100,98,0.04345870018005371,100
37,100,99,0.05297374725341797,100
37,100,98,0.0568234920501709,100
37,200,197,0.12335991859436035,198
37,200,193,0.10910630226135254,198
37,200,194,0.0854344367980957,198
37,200,195,0.09325027465820312,199
37,200,193,0.10898089408874512,200
37,300,284,0.17093324661254883,290
37,300,285,0.12625670433044434,288
37,300,285,0.13402628898620605,294
37,300,286,0.12122249603271484,289
37,300,281,0.12168002128601074,287
37,400,376,0.1688213348388672,376
37,400,378,0.1737368106842041,378
37,400,374,0.1623678207397461,372
37,400,383,0.19047188758850098,385
37,400,376,0.2014329433441162,386
37,500,469,0.20009469985961914,467
37,500,474,0.19845914840698242,474
37,500,470,0.20131230354309082,464
37,500,465,0.19849920272827148,465
37,500,475,0.19739866256713867,469
37,600,564,0.24082064628601074,556
37,600,557,0.26340675354003906,556
37,600,564,0.2822408676147461,557
37,600,568,0.25542545318603516,554
37,600,562,0.2758796215057373,553
37,700,651,0.4325675964355469,646
37,700,652,0.2658565044403076,651
37,700,651,0.2998480796813965,651
37,700,651,0.26605820655822754,643
37,700,649,0.2635831832885742,643
37,800,736,0.3021891117095947,719
37,800,739,0.30553293228149414,742
37,800,741,0.30413126945495605,725
37,800,736,0.2980985641479492,728
37,800,745,0.2995457649230957,731
37,900,825,0.33545756340026855,816
37,900,839,0.3777611255645752,819
37,900,842,0.36034178733825684,843
37,900,838,0.3613612651824951,815
37,900,828,0.3593568801879883,819
39,100,99,0.040659189224243164,100
39,100,100,0.041303157806396484,100
39,100,99,0.04034066200256348,100
39,100,99,0.04089832305908203,100
39,100,100,0.04055309295654297,100
39,200,195,0.0824747085571289,198
39,200,198,0.08207225799560547,200
39,200,194,0.08158516883850098,198
39,200,193,0.07944273948669434,198
39,200,194,0.07921481132507324,199
39,300,290,0.12092924118041992,295
39,300,282,0.11786746978759766,292
39,300,286,0.12295126914978027,292
39,300,290,0.1194908618927002,294
39,300,284,0.11959576606750488,291
39,400,379,0.1596992015838623,378
39,400,378,0.160719633102417,373
39,400,377,0.15743160247802734,374
39,400,380,0.16001248359680176,381
39,400,378,0.15782713890075684,376
39,500,467,0.19794893264770508,465
39,500,470,0.1979351043701172,474
39,500,468,0.21461200714111328,461
39,500,468,0.21090292930603027,466
39,500,473,0.21486496925354004,471
39,600,559,0.2618446350097656,542
39,600,558,0.25860023498535156,550
39,600,565,0.2409827709197998,557
39,600,567,0.2642331123352051,559
39,600,560,0.2586629390716553,553
39,700,653,0.28172922134399414,658
39,700,653,0.28598666191101074,643
39,700,650,0.2849617004394531,632
39,700,650,0.27990031242370605,646
39,700,657,0.27927517890930176,631
39,800,730,0.3223757743835449,711
39,800,748,0.32183051109313965,742
39,800,748,0.31619930267333984,725
39,800,743,0.32386231422424316,734
39,800,740,0.3205556869506836,730
39,900,826,0.3645467758178711,828
39,900,834,0.35747599601745605,820
39,900,830,0.3567020893096924,815
39,900,839,0.36272716522216797,812
39,900,836,0.36084842681884766,816
41,100,98,0.04746198654174805,100
41,100,99,0.04606914520263672,100
41,100,99,0.04574131965637207,100
41,100,98,0.045471906661987305,100
41,100,99,0.046256303787231445,100
41,200,195,0.09249186515808105,198
41,200,195,0.0902242660522461,199
41,200,194,0.08947420120239258,198
41,200,194,0.08975028991699219,199
41,200,195,0.09077715873718262,200
41,300,282,0.139556884765625,292
41,300,285,0.1336817741394043,290
41,300,287,0.13398289680480957,292
41,300,285,0.1296999454498291,291
41,300,288,0.1443467140197754,295
41,400,386,0.16747736930847168,386
41,400,382,0.16915082931518555,383
41,400,380,0.17027854919433594,378
41,400,374,0.18569326400756836,382
41,400,376,0.18434381484985352,384
41,500,466,0.21999192237854004,465
41,500,474,0.22529935836791992,464
41,500,470,0.21018552780151367,469
41,500,474,0.21193432807922363,479
41,500,472,0.23149442672729492,466
41,600,564,0.25129103660583496,549
41,600,559,0.41462087631225586,553
41,600,568,0.25739288330078125,565
41,600,570,0.2700531482696533,554
41,600,561,0.2761988639831543,562
41,700,647,0.3277115821838379,647
41,700,657,0.31386494636535645,648
41,700,649,0.2982208728790283,648
41,700,659,0.293964147567749,652
41,700,652,0.29587721824645996,657
41,800,745,0.5697057247161865,733
41,800,745,0.33968210220336914,736
41,800,753,0.33536481857299805,729
41,800,738,0.33721470832824707,735
41,800,746,0.34673237800598145,736
41,900,837,0.3806626796722412,825
41,900,828,0.38321948051452637,830
41,900,844,0.39160895347595215,816
41,900,832,0.3991217613220215,822
41,900,836,0.39260149002075195,804
43,100,100,0.04510092735290527,100
43,100,99,0.044744253158569336,100
43,100,99,0.04455113410949707,100
43,100,99,0.04418301582336426,100
43,100,100,0.047470808029174805,100
43,200,193,0.08952045440673828,199
43,200,196,0.08932328224182129,199
43,200,195,0.08983087539672852,198
43,200,194,0.08827829360961914,199
43,200,193,0.08833956718444824,199
43,300,287,0.13710975646972656,291
43,300,287,0.13379383087158203,292
43,300,285,0.13308954238891602,291
43,300,288,0.1400759220123291,291
43,300,286,0.1344306468963623,294
43,400,381,0.19260668754577637,380
43,400,379,0.17799925804138184,381
43,400,382,0.18236017227172852,374
43,400,379,0.17772936820983887,381
43,400,384,0.17757606506347656,380
43,500,466,0.23636984825134277,468
43,500,469,0.23691034317016602,455
43,500,470,0.2167525291442871,468
43,500,469,0.3198213577270508,474
43,500,471,0.2192366123199463,462
43,600,568,0.2694082260131836,556
43,600,564,0.26481080055236816,561
43,600,562,0.26383471488952637,554
43,600,562,0.26665663719177246,552
43,600,563,0.26922106742858887,555
43,700,658,0.31211280822753906,654
43,700,654,0.30571866035461426,660
43,700,653,0.31661486625671387,638
43,700,658,0.3129103183746338,649
43,700,643,0.33517026901245117,650
43,800,740,0.3845198154449463,750
43,800,742,0.3817019462585449,734
43,800,750,0.3809833526611328,731
43,800,740,0.3601572513580322,739
43,800,741,0.3567531108856201,730
43,900,835,0.40308499336242676,823
43,900,834,0.6475882530212402,825
43,900,835,0.3954744338989258,817
43,900,830,0.4143242835998535,809
43,900,830,0.4147813320159912,815
45,100,99,0.05069303512573242,100
45,100,100,0.050643205642700195,100
45,100,100,0.049225807189941406,100
45,100,99,0.04998350143432617,100
45,100,99,0.05059528350830078,100
45,200,195,0.1041879653930664,199
45,200,194,0.10163044929504395,199
45,200,194,0.09416437149047852,200
45,200,196,0.09345293045043945,199
45,200,194,0.09724020957946777,200
45,300,289,0.14850974082946777,295
45,300,287,0.13641738891601562,294
45,300,283,0.14897847175598145,294
45,300,284,0.1408710479736328,293
45,300,291,0.13917875289916992,296
45,400,385,0.1816561222076416,390
45,400,389,0.19039487838745117,391
45,400,378,0.18478846549987793,383
45,400,377,0.1864027976989746,385
45,400,382,0.18599390983581543,376
45,500,464,0.2286672592163086,473
45,500,476,0.23490262031555176,464
45,500,471,0.25423407554626465,469
45,500,478,0.24726581573486328,475
45,500,475,0.2381434440612793,475
45,600,563,0.28180932998657227,556
45,600,566,0.28292202949523926,563
45,600,559,0.27788448333740234,558
45,600,561,0.28099560737609863,548
45,600,566,0.2795078754425049,544
45,700,654,0.32741641998291016,627
45,700,649,0.32207369804382324,633
45,700,652,0.32638049125671387,648
45,700,652,0.3785102367401123,648
45,700,658,0.32163286209106445,645
45,800,748,0.42693185806274414,741
45,800,748,0.36932802200317383,734
45,800,739,0.37160396575927734,735
45,800,738,0.3766207695007324,723
45,800,750,0.3711535930633545,727
45,900,846,0.4187352657318115,823
45,900,841,0.41735243797302246,811
45,900,836,0.4197540283203125,813
45,900,830,0.4222412109375,833
45,900,831,0.41905784606933594,819
47,100,100,0.04874777793884277,100
47,100,100,0.04894590377807617,100
47,100,100,0.04830288887023926,100
47,100,99,0.04933786392211914,100
47,100,99,0.04951953887939453,100
47,200,192,0.0989389419555664,198
47,200,195,0.1009821891784668,200
47,200,196,0.09779977798461914,200
47,200,197,0.0976724624633789,200
47,200,197,0.10065960884094238,200
47,300,288,0.14435863494873047,292
47,300,292,0.14556670188903809,296
47,300,292,0.15196442604064941,291
47,300,291,0.1452484130859375,296
47,300,291,0.14704489707946777,293
47,400,381,0.20604753494262695,379
47,400,378,0.19765138626098633,379
47,400,383,0.19163727760314941,377
47,400,382,0.19943881034851074,387
47,400,384,0.19373321533203125,382
47,500,472,0.2578623294830322,466
47,500,474,0.24033331871032715,460
47,500,471,0.25046229362487793,471
47,500,474,0.24238371849060059,467
47,500,477,0.24390554428100586,482
47,600,562,0.29439616203308105,555
47,600,562,0.2952232360839844,558
47,600,563,0.2887699604034424,550
47,600,555,0.295443058013916,554
47,600,569,0.29317212104797363,553
47,700,653,0.3575308322906494,648
47,700,654,0.34230661392211914,651
47,700,659,0.3368995189666748,651
47,700,661,0.3398435115814209,643
47,700,655,0.34824633598327637,643
47,800,743,0.3920586109161377,735
47,800,741,0.38738012313842773,728
47,800,745,0.3876314163208008,728
47,800,749,0.39020729064941406,743
47,800,754,0.416623592376709,725
47,900,833,0.48088717460632324,828
47,900,841,0.4399423599243164,825
47,900,838,0.4438052177429199,822
47,900,836,0.45481204986572266,829
47,900,831,0.45455431938171387,817
49,100,100,0.05214405059814453,100
49,100,100,0.050920963287353516,100
49,100,99,0.05131888389587402,100
49,100,100,0.052248239517211914,100
49,100,100,0.05143475532531738,100
49,200,199,0.10100793838500977,200
49,200,197,0.10991668701171875,200
49,200,193,0.12311863899230957,200
49,200,194,0.12984848022460938,200
49,200,197,0.10705232620239258,200
49,300,290,0.1545720100402832,286
49,300,291,0.16386818885803223,297
49,300,288,0.15950751304626465,295
49,300,287,0.15097928047180176,291
49,300,290,0.1547243595123291,297
49,400,379,0.20380663871765137,384
49,400,383,0.204301118850708,388
49,400,381,0.21788907051086426,385
49,400,388,0.20433259010314941,383
49,400,380,0.31313180923461914,378
49,500,475,0.2517061233520508,477
49,500,474,0.25283241271972656,470
49,500,472,0.2588076591491699,459
49,500,473,0.253464937210083,467
49,500,471,0.25185179710388184,465
49,600,568,0.3035590648651123,559
49,600,560,0.32419490814208984,561
49,600,565,0.30075693130493164,555
49,600,555,0.32413268089294434,565
49,600,558,0.33368730545043945,560
49,700,654,0.3544337749481201,642
49,700,659,0.3625218868255615,651
49,700,657,0.38595008850097656,642
49,700,652,0.38456201553344727,641
49,700,655,0.3827948570251465,639
49,800,746,0.434978723526001,734
49,800,756,0.4322497844696045,759
49,800,748,0.4349958896636963,733
49,800,741,0.4459378719329834,730
49,800,744,0.43349480628967285,746
49,900,829,0.4724409580230713,823
49,900,834,0.46145105361938477,803
49,900,832,0.4638245105743408,812
49,900,833,0.46909618377685547,820
49,900,836,0.4779226779937744,818
51,100,100,0.05604267120361328,100
51,100,100,0.05792737007141113,100
51,100,100,0.05575895309448242,100
51,100,99,0.0578460693359375,100
51,100,100,0.05613422393798828,100
51,200,195,0.1134343147277832,200
51,200,195,0.11471199989318848,200
51,200,195,0.1131749153137207,199
51,200,198,0.11528420448303223,200
51,200,194,0.11695289611816406,199
51,300,288,0.17136812210083008,296
51,300,289,0.166184663772583,294
51,300,284,0.1661684513092041,294
51,300,294,0.16757774353027344,296
51,300,290,0.15825462341308594,297
51,400,379,0.21781277656555176,384
51,400,384,0.2127854824066162,392
51,400,383,0.2242434024810791,378
51,400,380,0.2354295253753662,387
51,400,384,0.21585512161254883,378
51,500,478,0.26602673530578613,479
51,500,472,0.260805606842041,462
51,500,473,0.2683897018432617,473
51,500,473,0.2613551616668701,466
51,500,476,0.26003456115722656,472
51,600,567,0.31678295135498047,559
51,600,564,0.31856799125671387,552
51,600,569,0.3177149295806885,560
51,600,565,0.31417202949523926,563
51,600,568,0.32001185417175293,565
51,700,665,0.590355396270752,650
51,700,654,0.3728156089782715,647
51,700,656,0.38506054878234863,644
51,700,661,0.5289943218231201,647
51,700,655,0.37517523765563965,656
51,800,745,0.4334135055541992,740
51,800,744,0.4349651336669922,731
51,800,759,0.447467565536499,741
51,800,747,0.4581165313720703,739
51,800,746,0.44559359550476074,721
51,900,832,0.5186100006103516,834
51,900,842,0.5134203433990479,813
51,900,839,0.6458747386932373,821
51,900,839,0.5221104621887207,825
51,900,832,0.500983715057373,832
53,100,100,0.05682849884033203,100
53,100,100,0.054103851318359375,100
53,100,100,0.05483555793762207,100
53,100,100,0.055969953536987305,100
53,100,99,0.05570483207702637,100
53,200,193,0.11730504035949707,200
53,200,196,0.11376380920410156,200
53,200,195,0.11122822761535645,200
53,200,196,0.12089967727661133,200
53,200,196,0.11083507537841797,200
53,300,287,0.19542908668518066,296
53,300,292,0.18171381950378418,297
53,300,293,0.1782395839691162,296
53,300,291,0.16533803939819336,298
53,300,293,0.169694185256958,297
53,400,379,0.21980714797973633,385
53,400,381,0.2181987762451172,378
53,400,380,0.223893404006958,382
53,400,383,0.21967244148254395,390
53,400,384,0.21674370765686035,388
53,500,479,0.3116137981414795,468
53,500,475,0.2877168655395508,466
53,500,475,0.29425740242004395,470
53,500,472,0.2890002727508545,468
53,500,468,0.2887551784515381,473
53,600,562,0.3289620876312256,559
53,600,574,0.343874454498291,566
53,600,571,0.3312094211578369,565
53,600,579,0.356184720993042,559
53,600,569,0.345365047454834,558
53,700,658,0.41643309593200684,643
53,700,658,0.41008973121643066,635
53,700,665,0.4056565761566162,650
53,700,651,0.39161181449890137,656
53,700,658,0.38003969192504883,652
53,800,746,0.434967041015625,741
53,800,756,0.4331791400909424,734
53,800,747,0.4316532611846924,737
53,800,746,0.4346439838409424,739
53,800,747,0.45122528076171875,739
53,900,840,0.48859286308288574,822
53,900,836,0.5026266574859619,818
53,900,836,0.5205557346343994,822
53,900,838,0.5026607513427734,817
53,900,843,0.48612046241760254,821
55,100,100,0.05876898765563965,100
55,100,100,0.06277775764465332,100
55,100,100,0.05810403823852539,100
55,100,100,0.06107807159423828,100
55,100,100,0.0576634407043457,100
55,200,197,0.12140989303588867,200
55,200,194,0.11592292785644531,200
55,200,198,0.11919403076171875,200
55,200,194,0.12461113929748535,200
55,200,194,0.12360048294067383,200
55,300,292,0.1744840145111084,296
55,300,291,0.17216992378234863,298
55,300,290,0.16994428634643555,297
55,300,290,0.1729121208190918,296
55,300,287,0.18030738830566406,297
55,400,391,0.23589658737182617,391
55,400,381,0.23597192764282227,385
55,400,388,0.328688383102417,390
55,400,382,0.22986936569213867,382
55,400,381,0.23097586631774902,371
55,500,478,0.30034589767456055,476
55,500,471,0.29274678230285645,463
55,500,476,0.33066678047180176,479
55,500,479,0.3181455135345459,478
55,500,474,0.292142391204834,475
55,600,565,0.5318288803100586,566
55,600,566,0.47245311737060547,553
55,600,563,0.3517036437988281,549
55,600,567,0.3617522716522217,563
55,600,563,0.37894582748413086,563
55,700,663,0.48934173583984375,636
55,700,658,0.4266316890716553,645
55,700,660,0.4059793949127197,644
55,700,658,0.3935091495513916,651
55,700,657,0.3987696170806885,652
55,800,744,0.46424150466918945,735
55,800,747,0.7003216743469238,736
55,800,745,0.5353233814239502,751
55,800,750,0.5597939491271973,731
55,800,755,0.47611045837402344,736
55,900,833,0.580965518951416,821
55,900,844,0.5071792602539062,829
55,900,836,0.5094239711761475,817
55,900,843,0.5114545822143555,820
55,900,843,0.5111169815063477,819
57,100,99,0.059696197509765625,100
57,100,100,0.059020280838012695,100
57,100,100,0.05936694145202637,100
57,100,100,0.06673145294189453,100
57,100,99,0.05846571922302246,100
57,200,196,0.11763334274291992,200
57,200,200,0.12084698677062988,200
57,200,195,0.11910223960876465,200
57,200,196,0.25398683547973633,200
57,200,197,0.28546595573425293,200
57,300,293,0.17589020729064941,297
57,300,291,0.17588472366333008,298
57,300,290,0.17598557472229004,299
57,300,293,0.1760563850402832,295
57,300,294,0.17532777786254883,298
57,400,385,0.23651719093322754,385
57,400,380,0.23412585258483887,387
57,400,384,0.2400052547454834,386
57,400,388,0.23618149757385254,394
57,400,387,0.23629236221313477,383
57,500,476,0.2955605983734131,473
57,500,471,0.2953481674194336,479
57,500,478,0.2960243225097656,480
57,500,478,0.5733416080474854,471
57,500,472,0.30679798126220703,474
57,600,568,0.36979055404663086,566
57,600,560,0.36864256858825684,572
57,600,570,0.38442373275756836,565
57,600,571,0.3692643642425537,549
57,600,575,0.36611104011535645,564
57,700,667,0.4544041156768799,667
57,700,662,0.43938755989074707,658
57,700,658,0.47150564193725586,650
57,700,656,0.4620065689086914,657
57,700,659,0.4550142288208008,647
57,800,752,0.5125644207000732,733
57,800,751,0.5153107643127441,727
57,800,743,0.512559175491333,744
57,800,761,0.5132267475128174,742
57,800,752,0.5037670135498047,736
57,900,852,0.5651423931121826,825
57,900,841,0.5690851211547852,837
57,900,839,0.5786843299865723,830
57,900,844,0.5672812461853027,820
57,900,834,0.543114423751831,819
59,100,99,0.06221818923950195,100
59,100,97,0.0597379207611084,100
59,100,100,0.0608372688293457,100
59,100,100,0.0630645751953125,100
59,100,99,0.06274271011352539,100
59,200,195,0.1247560977935791,200
59,200,195,0.13390111923217773,200
59,200,196,0.12367463111877441,200
59,200,195,0.12443041801452637,200
59,200,196,0.12146425247192383,200
59,300,290,0.18813276290893555,298
59,300,293,0.1860811710357666,297
59,300,293,0.18397116661071777,298
59,300,290,0.1810920238494873,298
59,300,293,0.19076251983642578,298
59,400,381,0.2493302822113037,386
59,400,385,0.2415940761566162,389
59,400,382,0.2466602325439453,388
59,400,384,0.24555635452270508,383
59,400,385,0.24500346183776855,388
59,500,469,0.30597734451293945,477
59,500,483,0.3084704875946045,484
59,500,483,0.30651330947875977,480
59,500,479,0.30611586570739746,474
59,500,481,0.3073117733001709,484
59,600,569,0.37421727180480957,552
59,600,572,0.3708169460296631,567
59,600,569,0.36548805236816406,559
59,600,571,0.368908166885376,564
59,600,573,0.3663597106933594,566
59,700,659,0.6111490726470947,656
59,700,658,0.43039655685424805,654
59,700,660,0.42711687088012695,641
59,700,660,0.4402885437011719,654
59,700,659,0.4279942512512207,644
59,800,759,0.5081896781921387,745
59,800,750,0.4941580295562744,744
59,800,750,0.4879164695739746,729
59,800,752,0.48874711990356445,741
59,800,757,0.4969198703765869,743
59,900,845,0.5538458824157715,836
59,900,842,0.5614447593688965,821
59,900,837,0.5560019016265869,832
59,900,840,0.5643084049224854,829
59,900,836,0.6264209747314453,819
61,100,100,0.0623171329498291,100
61,100,99,0.06332659721374512,100
61,100,99,0.06279397010803223,100
61,100,100,0.06598448753356934,100
61,100,99,0.06273889541625977,100
61,200,196,0.12502050399780273,200
61,200,198,0.12881779670715332,200
61,200,199,0.12739014625549316,200
61,200,197,0.13638877868652344,200
61,200,197,0.13358807563781738,200
61,300,290,0.18723034858703613,298
61,300,288,0.18747782707214355,298
61,300,295,0.18724441528320312,298
61,300,291,0.18677949905395508,299
61,300,292,0.18484759330749512,297
61,400,384,0.24600696563720703,389
61,400,387,0.24820446968078613,388
61,400,388,0.24956202507019043,388
61,400,382,0.25875210762023926,386
61,400,383,0.24903297424316406,383
61,500,475,0.3124361038208008,477
61,500,477,0.3121490478515625,477
61,500,474,0.31151437759399414,475
61,500,473,0.3126351833343506,477
61,500,474,0.3117794990539551,473
61,600,568,0.37675023078918457,564
61,600,573,0.37657999992370605,568
61,600,570,0.3736090660095215,562
61,600,564,0.37730860710144043,561
61,600,567,0.38245654106140137,580
61,700,662,0.6109275817871094,663
61,700,659,0.4450705051422119,656
61,700,664,0.44162702560424805,651
61,700,666,0.4427647590637207,654
61,700,662,0.44043898582458496,653
61,800,750,0.5002853870391846,737
61,800,756,0.5014779567718506,733
61,800,751,0.5017976760864258,733
61,800,746,0.5126581192016602,735
61,800,751,0.5025749206542969,742
61,900,842,0.6020543575286865,841
61,900,829,0.728966236114502,835
61,900,843,0.551708459854126,824
61,900,851,0.5617480278015137,843
61,900,840,0.567965030670166,820
63,100,100,0.06574726104736328,100
63,100,99,0.0655519962310791,100
63,100,100,0.06870579719543457,100
63,100,100,0.06569623947143555,100
63,100,100,0.06548118591308594,100
63,200,198,0.13677096366882324,200
63,200,197,0.13097786903381348,200
63,200,197,0.13030695915222168,200
63,200,197,0.13292980194091797,200
63,200,197,0.12991571426391602,200
63,300,289,0.18997597694396973,299
63,300,292,0.22101187705993652,299
63,300,293,0.32327938079833984,299
63,300,291,0.20210480690002441,298
63,300,292,0.21098923683166504,299
63,400,383,0.28113293647766113,384
63,400,383,0.30041027069091797,391
63,400,387,0.2613816261291504,391
63,400,390,0.2610759735107422,391
63,400,384,0.26680850982666016,390
63,500,481,0.34864330291748047,483
63,500,476,0.35192060470581055,477
63,500,479,0.33069610595703125,480
63,500,479,0.3250303268432617,481
63,500,475,0.3363676071166992,481
63,600,568,0.3958866596221924,561
63,600,565,0.38915300369262695,563
63,600,568,0.3912789821624756,569
63,600,568,0.3836841583251953,560
63,600,570,0.3898165225982666,573
63,700,660,0.4512031078338623,653
63,700,652,0.4649784564971924,655
63,700,656,0.4526784420013428,647
63,700,654,0.4571678638458252,644
63,700,661,0.4522287845611572,661
63,800,754,0.5213305950164795,736
63,800,754,0.5251584053039551,735
63,800,754,0.5148694515228271,725
63,800,746,0.5166928768157959,738
63,800,755,0.5230085849761963,741
63,900,842,0.5903339385986328,839
63,900,840,0.6008141040802002,824
63,900,840,0.6041960716247559,817
63,900,840,0.5839452743530273,833
63,900,852,0.5882654190063477,825
65,100,100,0.15554237365722656,100
65,100,100,0.13502073287963867,100
65,100,99,0.0689537525177002,100
65,100,99,0.09205079078674316,100
65,100,100,0.12276387214660645,100
65,200,196,0.15479516983032227,200
65,200,198,0.13611745834350586,200
65,200,196,0.1330881118774414,200
65,200,199,0.14271903038024902,200
65,200,197,0.1406548023223877,200
65,300,293,0.20590710639953613,300
65,300,292,0.1974647045135498,299
65,300,290,0.2044055461883545,298
65,300,292,0.19831156730651855,300
65,300,291,0.1995382308959961,299
65,400,390,0.2644941806793213,394
65,400,384,0.2679405212402344,393
65,400,382,0.27058839797973633,388
65,400,387,0.26617884635925293,393
65,400,387,0.2752249240875244,390
65,500,483,0.3342738151550293,476
65,500,479,0.33579564094543457,479
65,500,477,0.332167387008667,479
65,500,480,0.3363947868347168,474
65,500,476,0.3314073085784912,478
65,600,572,0.40366196632385254,562
65,600,574,0.4143552780151367,572
65,600,571,0.40050363540649414,566
65,600,573,0.4009528160095215,561
65,600,573,0.40906834602355957,569
65,700,662,0.48397231101989746,668
65,700,655,0.46903491020202637,662
65,700,664,0.4710726737976074,651
65,700,664,0.4665098190307617,650
65,700,667,0.47002291679382324,649
65,800,749,0.5360946655273438,751
65,800,756,0.5324807167053223,749
65,800,748,0.5376846790313721,756
65,800,750,0.7383754253387451,738
65,800,760,0.543893575668335,742
65,900,853,0.6001558303833008,837
65,900,839,0.5970053672790527,829
65,900,841,0.5939433574676514,821
65,900,841,0.6091887950897217,819
65,900,848,0.5992679595947266,837
67,100,99,0.06917762756347656,100
67,100,100,0.06873512268066406,100
67,100,99,0.06797528266906738,100
67,100,99,0.0717923641204834,100
67,100,100,0.07018518447875977,100
67,200,199,0.13964509963989258,200
67,200,197,0.14223861694335938,200
67,200,196,0.1429610252380371,200
67,200,197,0.1422567367553711,200
67,200,197,0.1389780044555664,200
67,300,293,0.20914173126220703,300
67,300,289,0.20540666580200195,300
67,300,288,0.21470284461975098,299
67,300,291,0.20219969749450684,299
67,300,291,0.20412516593933105,299
67,400,386,0.2760014533996582,384
67,400,383,0.2704195976257324,388
67,400,388,0.2727348804473877,384
67,400,380,0.27576518058776855,388
67,400,387,0.2739832401275635,393
67,500,480,0.3462197780609131,482
67,500,477,0.34565162658691406,472
67,500,477,0.34850478172302246,487
67,500,477,0.34336280822753906,476
67,500,473,0.34397244453430176,477
67,600,573,0.4099283218383789,563
67,600,571,0.4071357250213623,577
67,600,571,0.41269350051879883,575
67,600,567,0.411468505859375,571
67,600,571,0.41081905364990234,565
67,700,665,0.7769501209259033,656
67,700,660,0.4936189651489258,643
67,700,661,0.48816537857055664,654
67,700,666,0.5137481689453125,651
67,700,668,0.4793243408203125,661
67,800,761,0.5393824577331543,747
67,800,757,0.5469529628753662,735
67,800,752,0.5437421798706055,740
67,800,751,0.5493519306182861,753
67,800,756,0.5553116798400879,753
67,900,846,0.6159396171569824,835
67,900,850,0.6089568138122559,825
67,900,846,0.6206192970275879,842
67,900,841,0.6230881214141846,836
67,900,843,0.8610785007476807,827
69,100,100,0.07197785377502441,100
69,100,100,0.07230305671691895,100
69,100,100,0.07364630699157715,100
69,100,100,0.07191157341003418,100
69,100,100,0.07336735725402832,100
69,200,198,0.145859956741333,200
69,200,197,0.14592480659484863,200
69,200,198,0.15158390998840332,200
69,200,196,0.14778757095336914,200
69,200,196,0.14588260650634766,200
69,300,290,0.21178197860717773,300
69,300,294,0.21431708335876465,299
69,300,293,0.21452903747558594,300
69,300,291,0.21273422241210938,299
69,300,296,0.2143411636352539,300
69,400,383,0.2828645706176758,380
69,400,391,0.28065919876098633,392
69,400,390,0.28174805641174316,392
69,400,387,0.28629350662231445,391
69,400,386,0.2809460163116455,389
69,500,477,0.34909582138061523,485
69,500,480,0.35247230529785156,481
69,500,482,0.35756492614746094,491
69,500,476,0.34946131706237793,479
69,500,474,0.3505568504333496,483
69,600,567,0.41910457611083984,573
69,600,575,0.429473876953125,572
69,600,571,0.42386627197265625,567
69,600,573,0.427825927734375,563
69,600,572,0.4309365749359131,565
69,700,661,0.7568213939666748,656
69,700,664,0.4956803321838379,657
69,700,663,0.4946715831756592,651
69,700,657,0.4937596321105957,651
69,700,663,0.4883742332458496,663
69,800,759,0.5679042339324951,735
69,800,753,0.5736405849456787,739
69,800,759,0.717867374420166,749
69,800,754,0.571521520614624,745
69,800,747,0.5694141387939453,736
69,900,847,0.6370596885681152,836
69,900,850,0.6417522430419922,844
69,900,844,0.6496212482452393,828
69,900,846,0.8393087387084961,850
69,900,853,0.7683570384979248,821
71,100,100,0.07624030113220215,100
71,100,100,0.07383370399475098,100
71,100,100,0.07542252540588379,100
71,100,100,0.07460546493530273,100
71,100,100,0.07201910018920898,100
71,200,197,0.14873075485229492,200
71,200,199,0.1500239372253418,200
71,200,198,0.14749670028686523,200
71,200,199,0.14803767204284668,200
71,200,198,0.14789342880249023,200
71,300,297,0.21644878387451172,300
71,300,289,0.21777749061584473,300
71,300,291,0.22272586822509766,300
71,300,293,0.2215409278869629,300
71,300,294,0.23274827003479004,299
71,400,387,0.2899937629699707,394
71,400,383,0.2902965545654297,383
71,400,388,0.29327940940856934,392
71,400,388,0.29510045051574707,397
71,400,381,0.2937169075012207,391
71,500,480,0.3770020008087158,474
71,500,476,0.36655426025390625,483
71,500,480,0.36519956588745117,479
71,500,480,0.3842291831970215,488
71,500,480,0.3717336654663086,477
71,600,571,0.43561887741088867,565
71,600,569,0.4447052478790283,573
71,600,568,0.4412078857421875,563
71,600,574,0.44365549087524414,563
71,600,573,0.4495553970336914,566
71,700,674,0.5283091068267822,657
71,700,663,0.5247032642364502,649
71,700,657,0.5118768215179443,655
71,700,661,0.5116817951202393,656
71,700,665,0.5050101280212402,651
71,800,757,0.5868654251098633,740
71,800,761,0.6108996868133545,739
71,800,756,0.595078706741333,749
71,800,762,0.5952849388122559,759
71,800,752,0.6160190105438232,742
71,900,857,0.6804766654968262,835
71,900,847,0.6614463329315186,830
71,900,846,0.6596112251281738,831
71,900,835,0.8887453079223633,825
71,900,841,0.672154426574707,832
73,100,100,0.07749032974243164,100
73,100,100,0.07671260833740234,100
73,100,99,0.0765523910522461,100
73,100,100,0.07531476020812988,100
73,100,100,0.07566976547241211,100
73,200,199,0.1504225730895996,200
73,200,198,0.3200068473815918,200
73,200,196,0.15358972549438477,200
73,200,198,0.28081798553466797,200
73,200,195,0.1591787338256836,200
73,300,294,0.22583508491516113,299
73,300,296,0.22783708572387695,300
73,300,292,0.22552800178527832,300
73,300,295,0.23289847373962402,300
73,300,292,0.23009157180786133,300
73,400,389,0.30838608741760254,396
73,400,386,0.2960662841796875,393
73,400,388,0.29517102241516113,388
73,400,384,0.29862451553344727,397
73,400,388,0.2987997531890869,391
73,500,476,0.37377476692199707,476
73,500,477,0.37702441215515137,484
73,500,479,0.5987808704376221,480
73,500,477,0.3821749687194824,482
73,500,476,0.3962421417236328,477
73,600,572,0.457275390625,564
73,600,570,0.49390292167663574,572
73,600,565,0.4442782402038574,571
73,600,569,0.4552421569824219,573
73,600,572,0.45107269287109375,567
73,700,665,0.528566837310791,646
73,700,671,0.5308594703674316,672
73,700,661,0.5266633033752441,665
73,700,665,0.5301716327667236,657
73,700,665,0.5238258838653564,656
73,800,749,0.607698917388916,736
73,800,753,0.5939748287200928,747
73,800,754,0.6090381145477295,733
73,800,764,0.6008446216583252,762
73,800,758,0.5900900363922119,737
73,900,841,0.6860520839691162,833
73,900,843,0.6703860759735107,830
73,900,839,0.6759414672851562,829
73,900,843,0.6762435436248779,834
73,900,850,0.9511942863464355,840
75,100,100,0.12192535400390625,100
75,100,100,0.14540767669677734,100
75,100,99,0.0787358283996582,100
75,100,100,0.07713055610656738,100
75,100,100,0.08252382278442383,100
75,200,196,0.15866446495056152,200
75,200,198,0.1567842960357666,200
75,200,197,0.15990495681762695,200
75,200,197,0.1570889949798584,200
75,200,199,0.1616528034210205,200
75,300,292,0.2356739044189453,300
75,300,297,0.2310497760772705,300
75,300,293,0.2429671287536621,300
75,300,292,0.409395694732666,300
75,300,296,0.23507237434387207,300
75,400,388,0.31772685050964355,394
75,400,389,0.3204503059387207,394
75,400,389,0.314983606338501,398
75,400,390,0.3090503215789795,390
75,400,388,0.30876612663269043,397
75,500,481,0.742020845413208,490
75,500,479,0.3919661045074463,481
75,500,475,0.39038515090942383,473
75,500,482,0.3929131031036377,477
75,500,479,0.38802385330200195,484
75,600,575,0.4622516632080078,573
75,600,569,0.46375107765197754,579
75,600,568,0.46900486946105957,567
75,600,571,0.5069093704223633,568
75,600,573,0.6020350456237793,578
75,700,663,0.5642759799957275,667
75,700,657,0.6727440357208252,658
75,700,660,0.5403778553009033,665
75,700,664,0.5499057769775391,658
75,700,668,0.5723385810852051,667
75,800,749,0.6281204223632812,735
75,800,755,0.6218352317810059,747
75,800,758,0.6292026042938232,744
75,800,749,0.6334278583526611,740
75,800,756,0.6133749485015869,742
75,900,857,0.7047903537750244,845
75,900,857,0.7076494693756104,846
75,900,847,0.7076001167297363,833
75,900,846,0.7114288806915283,826
75,900,836,0.7179157733917236,831
77,100,100,0.08974528312683105,100
77,100,100,0.08173108100891113,100
77,100,99,0.08185267448425293,100
77,100,100,0.07994818687438965,100
77,100,99,0.08201217651367188,100
77,200,197,0.16309452056884766,200
77,200,199,0.16081762313842773,200
77,200,197,0.3138437271118164,200
77,200,197,0.15939068794250488,200
77,200,197,0.15885138511657715,200
77,300,297,0.24180316925048828,300
77,300,293,0.24044370651245117,300
77,300,293,0.23848271369934082,300
77,300,293,0.23912668228149414,300
77,300,296,0.2401590347290039,300
77,400,387,0.32271742820739746,397
77,400,388,0.32038187980651855,391
77,400,387,0.31874775886535645,395
77,400,388,0.31417298316955566,394
77,400,390,0.32338809967041016,397
77,500,477,0.39775514602661133,482
77,500,486,0.5947329998016357,486
77,500,478,0.4064791202545166,481
77,500,478,0.40543198585510254,486
77,500,482,0.39927029609680176,488
77,600,570,0.48679113388061523,569
77,600,575,0.47521352767944336,571
77,600,574,0.48024678230285645,568
77,600,573,0.48827648162841797,572
77,600,573,0.7165415287017822,575
77,700,662,0.566988468170166,654
77,700,669,0.5555529594421387,659
77,700,668,0.5588493347167969,657
77,700,661,0.5585513114929199,660
77,700,664,0.5845658779144287,653
77,800,756,0.6481454372406006,738
77,800,762,0.6333446502685547,751
77,800,751,0.632335901260376,751
77,800,758,0.8723084926605225,746
77,800,759,0.6343686580657959,748
77,900,858,0.7145538330078125,842
77,900,854,0.7144763469696045,836
77,900,857,0.7277531623840332,831
77,900,848,0.7124040126800537,829
77,900,850,0.7149405479431152,831
79,100,100,0.22420024871826172,100
79,100,100,0.08319211006164551,100
79,100,100,0.08297181129455566,100
79,100,100,0.08565473556518555,100
79,100,100,0.13207221031188965,100
79,200,199,0.25861096382141113,200
79,200,199,0.16427397727966309,200
79,200,198,0.1719198226928711,200
79,200,197,0.16331195831298828,200
79,200,198,0.1667165756225586,200
79,300,294,0.24312329292297363,300
79,300,295,0.24621820449829102,300
79,300,294,0.24746203422546387,300
79,300,292,0.2620558738708496,300
79,300,292,0.2438497543334961,300
79,400,380,0.464571475982666,387
79,400,392,0.32946062088012695,395
79,400,389,0.32892465591430664,398
79,400,388,0.37670397758483887,398
79,400,390,0.32603001594543457,394
79,500,488,0.4098215103149414,484
79,500,478,0.405531644821167,486
79,500,477,0.4058699607849121,485
79,500,482,0.5464277267456055,486
79,500,481,0.4080619812011719,484
79,600,579,0.4959084987640381,576
79,600,580,0.4846987724304199,573
79,600,576,0.49040699005126953,573
79,600,575,0.49579691886901855,571
79,600,577,0.4891514778137207,573
79,700,669,0.5813336372375488,659
79,700,664,0.576134443283081,656
79,700,659,0.5659613609313965,655
79,700,661,0.7858691215515137,662
79,700,665,0.5782599449157715,653
79,800,749,0.669891357421875,755
79,800,755,0.6559634208679199,749
79,800,758,0.6566131114959717,745
79,800,761,0.6587166786193848,749
79,800,756,0.6552121639251709,761
79,900,849,0.7393808364868164,837
79,900,850,0.740135669708252,833
79,900,848,0.7389302253723145,840
79,900,853,0.7256424427032471,834
79,900,852,0.740156888961792,829
